zipcode,1,2,3,4,5,6,7,8,9,10,11,12,13,14,15,16,17,18,19,20,21,22,23,24,25,26,27,28,29,30,31,32,33,34,35,36,37,38,39,40,41,42,43,44,45,46,47
15006,12.54,19.7,22.312,16.388,18.423,18.335,17.575,19.24,23.242,17.204,1.608,17.953,18.998,26.031,7.774,15.185,4.698,7.964,18.644,19.842,17.086,19.642,19.809,9.432,10.618,12.748,11.848,12.338,7.381,11.569,14.08,10.449,17.773,7.507,9.471,21.089,23.326,23.641,7.664,16.782,15.18,22.42,22.857,22.819,17.137,12.896,13.43
15007,11.43,20.609,22.819,16.767,19.32,18.048,18.311,19.233,24.79,15.826,4.622,19.79,21.178,27.718,9.721,17.714,4.826,10.816,19.048,21.747,16.319,18.001,20.112,7.475,10.097,12.122,14.149,12.265,4.523,12.778,15.373,13.211,15.766,9.802,9.754,22.77,22.89,24.55,10.544,18.272,14.736,23.574,23.185,21.579,18.798,14.554,15.309
15014,18.647,21.496,24.857,19.701,20.37,22.764,19.989,23.081,23.017,23.395,6.016,17.304,17.018,25.204,9.274,12.183,10.837,0.841,21.692,18.764,22.401,26.093,22.978,16.567,16.159,18.19,10.575,16.976,14.923,13.784,15.587,7.185,24.699,7.985,14.012,20.627,27.752,25.14,4.815,17.348,20.121,23.368,25.768,28.618,17.151,13.614,13.343
15015,7.282,20.151,21.081,15.404,18.969,14.734,17.658,16.506,25.753,9.952,12.007,21.965,24.256,28.918,13.717,22.145,8.138,18.489,17.425,23.96,11.988,11.297,18.097,2.945,8.188,9.129,18.228,10.721,3.658,14.319,16.623,18.773,8.424,14.549,10.044,24.255,18.707,23.75,16.757,19.64,11.558,23.518,20.943,15.553,20.574,16.876,18.098
15017,12.229,6.831,3.73,6.376,7.111,4.742,6.661,3.253,12.4,10.915,22.652,13.675,16.814,14.972,16.802,19.266,17.916,26.907,4.53,14.533,7.676,12.301,3.258,17.04,12.476,10.69,17.188,10.23,21.38,12.336,11.116,20.739,15.029,18.116,13.003,12.88,3.447,7.206,21.579,11.237,8.041,8.814,2.462,9.48,12.348,13.327,14.339
15018,23.705,11.516,13.952,15.881,12.118,19.392,13.443,17.627,5.268,25.675,24.633,7.87,6.811,3.413,17.895,11.644,23.221,24.513,15.099,5.868,22.151,28.126,15.561,26.772,21.713,21.625,13.883,19.463,29.434,15.475,13.089,16.648,29.691,18.111,19.683,5.623,21.113,10.729,19.425,10.091,20.448,8.853,15.339,26.702,9.148,13.161,12.278
15020,21.473,8.337,8.324,13.092,9.568,15.144,10.827,13.116,5.093,21.895,26.901,10.659,12.147,4.941,19.847,16.834,23.855,28.678,11.282,9.66,18.305,23.781,11.03,25.613,20.342,19.439,17.296,17.768,29.232,15.906,13.348,20.879,26.108,20.619,19.241,7.457,15.01,4.913,23.085,10.748,17.41,5.089,9.313,21.236,10.736,14.694,14.606
15024,14.86,15.996,19.398,14.45,14.883,17.806,14.553,17.908,17.718,19.451,6.144,12.036,12.234,20.09,4.184,7.864,8.16,6.344,16.343,13.65,17.885,22.298,17.636,14.089,12.132,13.946,5.285,12.347,13.997,8.458,10.103,2.914,21.483,2.774,9.588,15.36,22.698,19.636,0.795,11.868,15.486,17.889,20.351,24.24,11.737,8.108,7.884
15025,16.359,3.381,6.069,8.079,4.219,11.267,5.6,9.458,3.036,17.727,20.819,5.352,7.898,6.145,13.771,11.779,17.863,22.833,6.973,5.315,14.144,20.058,7.385,20.098,14.828,14.266,11.504,12.33,23.456,9.857,7.28,15.2,21.842,14.58,13.408,3.294,13.084,3.756,17.199,4.708,12.674,1.488,7.512,18.528,4.915,8.637,8.67
15028,21.644,10.549,13.631,14.325,10.833,18.164,12.029,16.589,5.41,24.071,21.584,5.321,3.672,5.41,14.967,8.49,20.448,21.354,13.969,3.383,20.669,26.675,14.665,24.352,19.455,19.608,10.809,17.371,26.756,12.954,10.758,13.491,27.939,15.092,17.234,4.331,20.588,10.893,16.283,7.946,18.745,8.682,15.073,25.733,6.818,10.473,9.447
15030,16.386,19.196,22.501,17.283,18.048,20.338,17.623,20.654,21.042,21.118,4.601,15.351,15.387,23.375,6.86,10.761,8.746,3.25,19.292,16.928,20.019,23.856,20.574,14.627,13.839,15.841,8.592,14.571,13.478,11.389,13.268,5.614,22.603,5.601,11.621,18.678,25.324,22.897,2.789,15.173,17.721,21.191,23.387,26.267,15.066,11.359,11.205
15031,13.364,9.542,6.162,8.841,9.862,6.164,9.385,5.402,14.815,11.06,24.761,16.41,19.533,17.186,19.224,22.01,19.816,29.306,7.205,17.213,8.415,11.8,5.968,18.212,14.112,12.142,19.859,12.121,22.666,14.841,13.785,23.363,14.885,20.571,15.04,15.482,1.917,9.378,24.077,13.988,9.486,11.239,4.732,8.166,15.096,15.992,17.043
15034,16.199,5.001,8.527,8.564,5.09,12.395,6.253,10.872,3.884,18.342,18.674,2.337,5.078,6.792,11.619,8.766,16.325,20.149,8.243,2.717,14.905,20.911,9.037,19.373,14.245,14.121,8.767,11.959,22.298,8.314,5.772,12.38,22.276,12.239,12.355,1.936,15.103,6.745,14.56,2.729,13.045,4.504,9.952,20,2.256,6.463,6.136
15035,17.757,9.384,13.108,11.615,9.044,15.762,9.821,14.603,7.533,20.838,16.551,2.514,1.502,9.327,9.986,4.214,15.592,16.656,12.047,2.986,17.731,23.621,13.078,19.901,15.312,15.84,5.782,13.553,21.973,8.586,6.907,8.717,24.403,10.06,12.847,5.173,19.22,11.508,11.378,5.021,15.519,9.241,14.492,23.461,3.813,5.924,4.676
15037,20.755,7.668,9.364,12.462,8.609,15.437,9.99,13.526,1.736,22.022,24.286,7.367,8.37,1.89,17.236,13.196,21.84,25.448,11.191,6.021,18.418,24.255,11.389,24.425,19.172,18.661,14.128,16.702,27.646,13.789,11.194,17.544,26.169,17.823,17.608,4.04,16.527,5.957,19.95,8.247,17.046,4.449,10.684,22.379,7.859,12.081,11.7
15044,8.961,18.926,20.874,14.813,17.644,15.768,16.545,17.06,23.541,13.318,6.086,18.856,20.578,26.566,9.218,17.605,3.504,12.568,17.079,20.853,13.899,15.506,18.079,5.008,7.829,9.777,13.825,10.152,3.166,11.47,14.056,13.567,13.348,9.658,7.928,21.655,20.535,22.831,11.217,17.055,12.425,22.031,21.142,19.075,17.718,13.564,14.504
15045,17.428,5.137,8.143,9.428,5.652,12.956,6.978,11.251,2.102,19.213,20.479,3.895,5.976,5.158,13.42,10.223,18.027,21.914,8.677,3.35,15.685,21.662,9.249,20.836,15.637,15.333,10.534,13.253,23.909,9.984,7.401,14.1,23.249,14.05,13.905,1.21,15.093,5.706,16.342,4.418,14.013,3.393,9.587,20.382,4.068,8.254,7.946
15046,7.926,19.076,18.218,14.484,18.284,11.392,16.933,13.405,25.468,4.71,20.114,23.608,26.58,28.557,18.894,26.201,15.015,26.465,15.543,25.352,8.312,3.11,15.524,9.499,10.714,9.53,22.498,11.788,13.051,17.059,18.365,24.411,1.148,20.154,13.48,24.775,12.964,21.621,23.274,20.802,9.954,22.33,17.45,7.567,22.01,19.676,21.101
15047,20.58,9.458,12.603,13.213,9.723,17.052,10.916,15.484,4.621,22.964,20.929,4.325,3.264,5.23,14.199,8.232,19.587,21.002,12.862,2.337,19.557,25.563,13.571,23.363,18.424,18.536,10.193,16.308,25.855,11.981,9.728,13.085,26.843,14.405,16.247,3.267,19.518,9.969,15.8,6.87,17.642,7.719,14.047,24.626,5.771,9.559,8.607
15049,14.636,16.664,19.98,14.841,15.517,18.032,15.107,18.252,18.641,19.296,5.092,12.983,13.281,21.068,4.425,8.943,7.56,5.725,16.811,14.64,17.92,22.107,18.098,13.53,11.965,13.865,6.265,12.406,13.169,8.902,10.736,3.962,21.135,3.101,9.543,16.299,22.98,20.37,1.197,12.672,15.561,18.684,20.882,24.239,12.612,8.833,8.734
15051,11.739,15.976,18.926,13.299,14.736,15.984,14.063,16.505,19.032,16.467,3.53,13.644,14.644,21.751,3.538,10.98,4.356,7.724,15.451,15.509,15.445,19.213,16.695,10.329,9.194,11.218,7.508,10.079,10.126,7.806,10.142,6.616,18.056,3.153,7.085,16.827,21.011,19.863,4.366,12.651,13.202,18.461,19.648,21.645,12.906,8.714,9.128
15056,7.029,18.668,18.021,13.987,17.822,11.131,16.456,13.162,25.028,4.38,19.028,22.958,25.886,28.144,17.933,25.359,13.95,25.39,15.181,24.738,7.98,3.522,15.25,8.405,9.797,8.741,21.62,11.02,11.983,16.251,17.658,23.45,0.166,19.176,12.567,24.244,13.128,21.366,22.258,20.175,9.405,21.968,17.329,8.103,21.368,18.891,20.312
15064,12.653,8.935,5.71,8.04,9.188,5.383,8.654,4.589,14.399,10.531,23.952,15.772,18.917,16.865,18.414,21.295,19.019,28.494,6.453,16.636,7.747,11.441,5.238,17.503,13.335,11.383,19.091,11.32,21.944,14.04,13.02,22.579,14.443,19.763,14.231,14.962,1.689,9.054,23.272,13.304,8.72,10.812,4.321,8.042,14.43,15.224,16.292
15065,19.535,22.701,26.049,20.851,21.571,23.853,21.177,24.211,24.213,24.289,6.56,18.5,18.158,26.376,10.429,13.29,11.634,0.409,22.861,19.941,23.408,26.95,24.144,17.232,17.106,19.163,11.779,18.021,15.306,14.956,16.788,8.348,25.447,9.162,15.04,21.821,28.854,26.351,6.027,18.561,21.157,24.58,26.949,29.584,18.36,14.823,14.555
15071,10.406,11.227,8.747,8.646,11.087,4.657,10.158,5.374,17.274,7.316,22.92,17.67,20.882,19.978,18.242,22.53,17.691,28.071,7.961,18.844,5.402,7.811,7.114,15.135,11.777,9.66,19.798,10.332,19.634,14.274,13.92,22.993,10.951,19.646,13.333,17.457,2.08,12.27,23.213,14.955,7.254,13.722,7.549,4.404,16.178,16.014,17.265
15075,13.892,17.826,20.92,15.42,16.616,18.209,16.036,18.681,20.392,18.637,2.766,14.828,15.397,22.957,5.234,11.217,6.191,5.492,17.529,16.582,17.686,21.348,18.789,12.086,11.402,13.445,8.264,12.321,11.175,9.743,11.913,6.288,20.051,4.313,9.329,18.104,23.23,21.654,3.434,14.187,15.446,20.124,21.701,23.87,14.285,10.251,10.411
15076,13.727,18.903,21.843,16.16,17.664,18.655,16.986,19.292,21.792,18.478,1.133,16.294,16.99,24.426,6.394,12.873,5.758,5.773,18.337,18.091,17.851,21.092,19.57,11.369,11.426,13.533,9.833,12.67,9.938,10.735,13.053,7.948,19.55,5.702,9.671,19.539,23.691,22.783,5.063,15.487,15.722,21.351,22.543,23.889,15.667,11.54,11.825
15082,12.704,12.351,9.329,10.489,12.428,6.756,11.676,7.024,18.018,9.346,25.22,19.061,22.249,20.505,20.397,24.253,20.008,30.297,9.428,20.064,7.719,9.335,8.381,17.395,14.097,11.982,21.712,12.595,21.893,16.305,15.731,25.01,12.652,21.793,15.6,18.488,2.245,12.693,25.356,16.456,9.551,14.43,7.958,5.138,17.639,17.88,19.071
15084,17.579,20.555,23.877,18.665,19.414,21.695,19.001,22.031,22.264,22.325,5.145,16.559,16.435,24.529,8.243,11.689,9.802,1.876,20.675,18.081,21.32,25.032,21.958,15.579,15.082,17.11,9.804,15.897,14.093,12.772,14.633,6.59,23.672,6.981,12.931,19.887,26.688,24.236,3.985,16.482,19.042,22.503,24.768,27.538,16.335,12.698,12.495
15086,9.95,22.988,23.79,18.21,21.819,17.284,20.497,19.126,28.635,11.909,13.767,24.833,27.081,31.801,16.347,24.817,10.613,20.121,20.183,26.831,14.387,12.699,20.801,5.831,11.06,11.889,20.914,13.573,4.82,17.181,19.504,21.213,9.458,17.081,12.917,27.141,20.966,26.542,19.012,22.524,14.215,26.365,23.582,17.188,23.452,19.715,20.915
15088,20.439,7.317,8.969,12.128,8.28,15.064,9.66,13.147,1.617,21.662,24.154,7.32,8.474,2.282,17.097,13.253,21.634,25.416,10.827,6.064,18.056,23.883,11.009,24.145,18.886,18.346,14.073,16.404,27.402,13.581,10.983,17.528,25.814,17.711,17.359,3.999,16.131,5.561,19.897,8.066,16.705,4.07,10.288,21.988,7.732,11.931,11.594
15090,6.65,19.084,20.238,14.422,17.874,14.13,16.593,15.801,24.532,9.995,10.598,20.589,22.812,27.682,12.172,20.613,6.579,17.092,16.519,22.59,11.584,11.697,17.273,1.849,7.078,8.293,16.699,9.657,2.964,12.932,15.296,17.214,9.119,12.992,8.692,22.963,18.367,22.767,15.213,18.33,10.852,22.42,20.193,15.73,19.228,15.449,16.645
15101,6.723,14.096,16.277,10.239,12.809,11.935,11.766,12.892,18.652,11.473,6.897,14.112,16.077,21.696,5.328,13.726,1.782,12.627,12.52,16.12,10.814,14.181,13.616,5.821,4.354,6.475,9.809,5.948,7.457,6.597,9.168,10.629,13.048,6.307,3.212,16.807,16.929,18.026,9.128,12.184,8.802,17.149,16.687,16.813,12.899,8.84,9.914
15102,14.278,3.671,0.524,6.386,4.602,7.418,5.032,5.386,8.244,14.155,22.421,10.372,13.329,10.756,15.851,16.482,18.321,25.779,4.15,10.866,10.604,15.98,3.439,18.794,13.702,12.38,15.118,11.154,22.82,11.32,9.362,18.843,18.366,17.003,13.357,8.984,7.654,3.025,20.211,8.415,10.04,4.662,1.847,13.604,9.305,11.45,12.132
15104,14.303,6.77,10.553,8.15,6.092,12.318,6.593,11.301,7.604,17.284,14.976,2.338,4.856,10.299,7.959,6.117,13.025,16.452,8.841,4.345,14.188,20.067,9.978,16.764,11.957,12.346,5.102,10.063,19.232,5.36,3.375,8.811,20.881,8.498,9.647,5.363,16.06,9.796,10.836,2.023,11.964,7.813,11.83,19.997,1.521,2.959,2.379
15106,8.512,6.53,5.564,3.34,6.068,1.41,4.959,0.714,12.918,8.149,18.929,12.479,15.69,15.901,13.449,17.203,14.076,23.496,2.953,13.802,4.56,10.22,2.726,13.256,8.591,6.849,14.556,6.371,17.541,9.196,8.608,17.873,12.361,14.819,9.22,12.663,5.149,8.839,18.358,9.704,4.247,9.598,5.172,8.855,10.945,10.733,11.955
15108,4.6,14.898,14.271,10.27,14.079,7.364,12.724,9.397,21.275,0.686,17.868,19.434,22.442,24.378,15.481,22.314,12.514,23.925,11.397,21.156,4.197,2.885,11.471,8.087,7.284,5.682,18.724,7.832,12.421,13.135,14.256,20.949,3.62,16.819,9.939,20.559,9.892,17.589,20.144,16.615,5.747,18.186,13.634,6.267,17.833,15.686,17.114
15110,16.294,6.786,10.496,9.424,6.526,13.496,7.421,12.202,5.682,18.962,17.12,0.107,3.321,8.133,10.167,6.508,15.318,18.131,9.603,2.065,15.694,21.664,10.573,18.975,14.065,14.281,6.784,12.023,21.52,7.597,5.37,10.274,22.712,10.593,11.858,3.305,16.714,8.98,12.607,2.75,13.613,6.76,11.884,21.194,1.508,5.252,4.508
15112,15.874,7.978,11.762,9.781,7.467,13.943,8.111,12.865,7.483,18.933,15.517,1.772,3.279,9.816,8.681,4.914,14.08,16.328,10.356,3.442,15.845,21.721,11.447,18.145,13.464,13.944,5.01,11.658,20.396,6.769,5.001,8.463,22.501,8.975,11.055,5.091,17.567,10.586,10.826,3.344,13.618,8.433,13.097,21.632,2.289,4.162,3.081
15116,5.984,12.229,14.381,8.348,10.944,10.238,9.879,11.082,16.96,10.588,8.468,12.666,14.861,20.044,5.087,13.021,3.665,13.749,10.628,14.674,9.429,13.418,11.736,6.55,3.257,5.201,9.119,4.224,9.016,5.024,7.514,10.602,12.733,6.344,1.327,15.203,15.264,16.149,9.61,10.558,7.247,15.324,14.805,15.627,11.362,7.492,8.703
15120,13.365,4.721,8.49,6.404,4.015,10.525,4.598,9.364,6.827,15.907,15.927,3.156,6.295,9.841,8.866,8.195,13.298,18.028,6.841,4.911,12.641,18.606,7.94,16.346,11.274,11.32,6.867,9.094,19.233,5.261,2.706,10.62,19.684,9.662,9.299,4.99,14.053,7.978,12.383,0.352,10.558,6.192,9.754,18.228,1.552,3.717,3.9
15122,15.156,4.366,8.053,7.58,4.253,11.479,5.329,10.025,4.723,17.338,17.929,2.545,5.634,7.74,10.862,8.798,15.406,19.683,7.398,3.535,13.924,19.93,8.272,18.35,13.209,13.079,8.336,10.917,21.322,7.368,4.797,12.029,21.253,11.564,11.352,2.967,14.388,6.7,14.059,1.796,12.029,4.608,9.445,19.122,1.745,5.686,5.545
15126,10.316,15.343,13.188,11.941,15.007,7.796,13.901,9.242,21.573,5.799,23.67,21.392,24.593,24.368,20.16,25.644,18.285,29.414,11.861,22.752,6.446,4.551,11.245,14.348,12.531,10.482,22.517,11.973,18.695,16.798,17.033,25.345,7.956,21.565,14.756,21.557,6.45,16.727,25.076,18.58,8.896,18.067,12.036,0.099,19.833,18.941,20.298
15129,16.399,3.75,3.299,8.102,5.033,9.977,6.065,7.955,5.738,16.726,23.14,9.045,11.667,8.021,16.267,15.433,19.512,25.846,6.149,9.072,13.131,18.672,5.856,20.691,15.465,14.402,14.729,12.879,24.5,11.917,9.581,18.478,20.938,17.268,14.68,6.947,10.394,0.262,20.206,7.775,12.275,2.368,4.541,16.388,8.344,11.403,11.769
15131,20.095,9.816,13.206,13.124,9.885,17.108,10.963,15.665,5.81,22.754,19.658,3.727,1.79,6.734,13.056,6.732,18.578,19.537,13.036,2.116,19.441,25.429,13.862,22.618,17.814,18.091,8.884,15.828,24.913,11.215,9.148,11.639,26.526,13.166,15.507,3.976,19.923,10.857,14.396,6.527,17.407,8.554,14.647,24.765,5.315,8.668,7.58
15132,18.276,7.363,10.743,10.906,7.5,14.792,8.644,13.282,3.988,20.643,19.358,2.273,3.193,5.967,12.447,7.764,17.618,20.051,10.652,0.582,17.248,23.253,11.433,21.161,16.163,16.225,8.84,14.006,23.798,9.835,7.486,12.122,24.517,12.819,14.058,1.708,17.47,8.511,14.628,4.564,15.317,6.196,12.184,22.409,3.524,7.553,6.786
15133,18.222,6.467,9.605,10.473,6.827,14.17,8.087,12.537,2.576,20.272,20.279,3.216,4.655,4.98,13.278,9.183,18.203,21.285,9.931,2.048,16.793,22.793,10.586,21.389,16.272,16.141,9.973,13.987,24.251,10.248,7.75,13.386,24.245,13.77,14.35,0.267,16.505,7.149,15.793,4.705,15.004,4.846,11.05,21.682,3.967,8.211,7.654
15135,20.812,9.388,12.411,13.307,9.733,17.076,10.965,15.46,4.206,23.086,21.457,4.692,3.869,4.624,14.686,8.841,20.02,21.598,12.85,2.682,19.645,25.651,13.508,23.692,18.707,18.755,10.741,16.545,26.258,12.338,10.026,13.677,27.003,14.925,16.583,3.154,19.394,9.662,16.376,7.104,17.781,7.45,13.852,24.605,6.061,9.969,9.066
15136,4.656,8.797,9.191,3.963,7.824,3.376,6.443,4.726,15.029,6.062,15.403,12.996,16.043,18.183,10.8,16.347,10.306,20.496,5.625,14.704,3.096,8.817,6.204,9.262,4.596,2.823,13.057,2.747,13.505,7.326,7.946,15.863,9.928,12.213,5.75,14.156,8.346,12.032,15.768,10.168,0.715,12.188,9.083,9.42,11.392,9.62,11.024
15137,17.893,9.238,12.94,11.613,8.944,15.746,9.762,14.549,7.203,20.909,16.882,2.347,1.274,8.97,10.285,4.545,15.862,17.013,11.977,2.646,17.769,23.679,12.986,20.109,15.475,15.959,6.12,13.674,22.232,8.764,7.003,9.074,24.508,10.383,13.039,4.855,19.129,11.265,11.732,4.975,15.58,8.987,14.333,23.449,3.743,6.12,4.911
15139,12.919,13.742,17.074,12.062,12.597,15.448,12.21,15.522,15.934,17.395,6.863,10.363,11.097,18.493,1.934,7.414,7.099,8.624,13.966,12.137,15.641,20.274,15.258,12.755,10.142,11.832,3.932,10.106,13.384,6.072,7.816,3.684,19.687,0.648,7.48,13.638,20.32,17.459,3.18,9.815,13.218,15.808,17.999,22.013,9.841,5.933,5.958
15140,18.283,11.173,14.941,12.887,10.702,17.057,11.33,16.061,9.534,21.702,15.508,4.442,2.758,11.14,9.407,2.246,15.195,15.002,13.578,4.968,18.777,24.546,14.68,19.953,15.696,16.476,4.847,14.206,21.627,8.988,7.829,7.129,25.071,9.202,13.077,7.195,20.794,13.499,9.956,6.58,16.466,11.249,16.296,24.713,5.489,6.324,4.909
15142,11.096,7.343,4.704,5.969,7.408,3.626,6.73,2.524,13.237,9.642,21.948,14.04,17.224,15.924,16.342,19.371,17.086,26.425,4.491,15.047,6.441,11.046,3.367,15.929,11.51,9.646,17.066,9.378,20.309,11.968,11.003,20.527,13.754,17.689,12.243,13.527,2.782,8.241,21.198,11.468,6.978,9.674,3.598,8.386,12.634,13.199,14.3
15143,4.257,17.062,17.054,12.218,16.071,10.209,14.69,12.194,23.253,4.24,15.79,20.612,23.402,26.421,14.824,22.5,10.691,22.135,13.787,22.478,7.085,5.454,14.12,5.25,6.861,6.252,18.689,8.507,9.199,13.53,15.202,20.33,3.184,16.029,9.602,22.22,13.38,20.168,19.044,17.916,7.678,20.449,16.604,9.673,19.054,16.21,17.61
15144,15.661,16.445,19.906,15.078,15.361,18.502,15.088,18.554,17.897,20.244,6.61,12.191,12.177,20.178,4.919,7.628,8.936,5.977,16.926,13.729,18.641,23.095,18.221,14.877,12.929,14.73,5.438,13.102,14.695,9.078,10.597,2.515,22.29,3.508,10.369,15.519,23.368,20.024,0.453,12.205,16.233,18.22,20.892,25.002,11.996,8.539,8.192
15145,16.061,8.906,12.696,10.403,8.328,14.573,8.883,13.591,8.414,19.317,14.866,2.733,3.355,10.622,8.179,3.941,13.745,15.42,11.131,4.18,16.33,22.14,12.258,18.074,13.561,14.189,4.196,11.906,20.12,6.818,5.39,7.521,22.778,8.338,11.047,6.01,18.35,11.59,9.97,4.201,14.045,9.442,14.012,22.233,3.247,4.135,2.834
15146,17.235,11.113,14.903,12.311,10.497,16.465,10.971,15.608,10.257,20.81,14.169,4.776,3.914,12.123,8.073,1.727,13.876,13.879,13.211,5.761,18.003,23.679,14.372,18.727,14.598,15.486,3.496,13.238,20.309,7.959,7.108,5.951,24.069,7.849,11.933,7.863,20.423,13.773,8.702,6.386,15.643,11.593,16.21,24.056,5.463,5.365,3.939
15147,12.662,12.669,16.044,11.17,11.54,14.687,11.198,14.659,14.836,17.01,7.87,9.29,10.162,17.422,1.775,6.795,7.51,9.672,13.01,11.093,15.065,19.91,14.304,12.919,9.869,11.423,3.063,9.564,13.901,5.171,6.757,3.89,19.506,1.335,7.132,12.551,19.497,16.364,4.121,8.703,12.62,14.699,16.998,21.442,8.735,4.83,4.856
15148,17.293,9.321,13.077,11.324,8.906,15.484,9.615,14.383,7.871,20.445,15.992,2.56,2.063,9.786,9.417,3.927,15.029,16.183,11.853,3.38,17.381,23.244,12.917,19.373,14.824,15.395,5.23,13.108,21.414,8.087,6.501,8.243,23.97,9.496,12.334,5.483,19.051,11.624,10.864,4.82,15.141,9.385,14.442,23.175,3.665,5.413,4.136
15201,7.929,8.325,10.956,5.33,7.039,8.592,6.159,8.697,12.836,11.573,11.268,8.792,11.316,15.932,5.131,10.552,7.5,15.218,7.44,10.775,9.15,14.474,8.692,10.259,5.427,6.151,7.036,3.931,13.133,1.38,3.441,9.821,14.732,6.494,3.164,11.128,13.454,12.274,10.039,6.483,6.693,11.276,11.637,15.49,7.38,4.039,5.447
15202,1.984,11.278,11.917,6.42,10.202,5.823,8.831,7.41,17.319,5.179,13.749,14.635,17.497,20.497,10.317,17.058,8.423,19.347,8.298,16.478,3.979,8.087,8.932,6.55,2.51,0.42,13.437,2.611,10.865,7.89,9.269,15.726,8.264,11.69,4.782,16.214,10.483,14.681,15.122,11.912,2.477,14.683,11.806,10.017,13.064,10.497,11.922
15203,9.092,4.793,7.251,2.237,3.517,6.349,2.465,5.723,10.218,11.363,14.977,7.698,10.781,13.4,8.566,11.678,11.034,18.644,3.891,9.409,8.134,14.072,5.182,12.676,7.404,7,9.001,4.932,16.163,4.023,3.043,12.425,15.178,9.822,6.21,9.019,10.637,8.704,13.234,4.865,6.015,8.01,7.999,13.961,6.093,5.159,6.387
15204,5.364,8.162,8.481,3.372,7.227,2.849,5.851,4.048,14.44,6.489,15.858,12.604,15.691,17.582,11.003,16.201,10.835,20.815,4.932,14.265,3.256,9.16,5.494,9.966,5.223,3.523,13.017,3.166,14.19,7.308,7.693,15.943,10.457,12.413,6.152,13.636,7.875,11.34,15.978,9.761,1.238,11.542,8.38,9.422,10.999,9.475,10.859
15205,6.976,8.293,7.44,4.343,7.689,0.54,6.454,2.554,14.706,6.249,18.391,13.842,17.028,17.729,13.479,18.111,13.308,23.352,4.703,15.297,2.665,8.388,4.623,11.807,7.537,5.574,15.168,5.703,16.196,9.559,9.473,18.268,10.462,14.883,8.699,14.311,5.345,10.739,18.45,11.01,2.909,11.449,6.935,7.512,12.266,11.463,12.78
15206,9.765,8.783,11.881,6.79,7.555,10.401,6.994,10.283,12.336,13.556,10.663,7.639,9.814,15.302,3.847,8.606,7.816,13.871,8.671,9.649,11.134,16.461,9.962,11.567,7.128,8.084,5.038,5.907,13.932,0.794,2.989,7.935,16.625,5.048,4.529,10.375,15.138,12.666,8.464,5.818,8.68,11.334,12.741,17.457,6.434,2.427,3.708
15207,11.948,4.288,7.871,5,3.267,9.153,3.461,8.113,7.828,14.438,15.436,4.622,7.729,10.941,8.463,9.188,12.392,18.058,5.693,6.364,11.187,17.144,6.877,15.082,9.939,9.889,7.277,7.686,18.14,4.369,1.809,10.988,18.22,9.432,8.122,6.238,12.902,7.987,12.438,1.797,9.09,6.538,9.017,16.849,3.017,3.62,4.313
15208,11.01,7.961,11.326,6.851,6.814,10.77,6.512,10.365,10.969,14.554,11.764,6.142,8.353,13.883,4.735,7.569,9.265,14.397,8.444,8.152,11.887,17.436,9.734,13.039,8.461,9.216,4.399,6.964,15.426,1.721,2.032,7.777,17.807,5.695,5.959,8.941,15.276,11.73,8.826,4.469,9.472,10.223,12.316,18.106,4.978,0.97,2.365
15209,6.236,9.941,12.159,6.18,8.656,8.585,7.597,9.152,14.801,10.313,10.314,10.816,13.27,17.919,5.317,12.109,5.904,15,8.445,12.803,8.411,13.222,9.6,8.228,3.557,4.73,8.369,2.873,11.183,3.234,5.469,10.614,13.127,6.724,1.144,13.145,13.607,13.861,10.259,8.505,6.011,13.055,12.651,14.778,9.412,5.905,7.26
15210,10.036,3.507,6.01,2.124,2.255,6.219,1.155,5.189,9.231,11.863,16.253,7.41,10.592,12.41,9.728,12.052,12.351,19.756,2.944,8.943,8.453,14.456,4.222,13.837,8.556,7.94,9.718,6.017,17.42,5.176,3.644,13.274,15.821,10.938,7.51,8.262,10.041,7.395,14.277,4.574,6.579,6.796,6.852,13.922,5.83,5.854,6.919
15211,7.902,5.382,6.849,0.812,4.271,4.544,2.907,4.187,11.416,9.674,15.619,9.451,12.575,14.587,9.673,13.487,11.21,19.772,3.084,11.084,6.344,12.32,4.238,11.942,6.699,5.818,10.668,4.113,15.757,5.303,4.846,13.96,13.602,11.011,6.225,10.482,9.053,9.01,14.519,6.601,4.363,8.778,7.283,12.123,7.848,6.884,8.168
15212,7.065,6.989,9.031,3.094,5.732,6.228,4.556,6.333,12.406,9.932,13.335,9.356,12.253,15.581,7.508,12.321,9.022,17.572,5.332,11.208,7.11,12.77,6.519,10.441,5.182,5.018,9.099,2.804,13.939,3.416,4.034,12.12,13.482,8.879,4.08,11.071,11.068,10.848,12.426,6.65,4.716,10.249,9.548,13.342,7.787,5.593,7
15213,8.994,6.227,9.022,3.896,4.944,7.766,4.153,7.414,10.892,11.965,13.261,7.382,10.225,14.029,6.741,10.4,9.604,16.813,5.72,9.281,9.05,14.791,7.01,11.976,6.853,6.994,7.405,4.725,15.112,2.192,1.997,10.699,15.51,7.991,5.065,9.34,12.311,10.176,11.412,4.775,6.708,9.18,9.818,15.17,5.843,3.69,5.054
15214,4.732,9.184,10.713,4.672,7.973,6.249,6.697,7.078,14.794,8.154,12.468,11.645,14.432,17.973,7.762,13.973,7.591,17.42,6.915,13.539,5.972,11.06,7.908,8.112,2.83,2.782,10.425,0.509,11.822,4.794,6.223,12.961,11.375,9.173,2.744,13.467,11.284,12.926,12.715,9.004,3.554,12.52,10.976,12.347,10.104,7.383,8.808
15215,9.06,10.799,13.689,8.164,9.54,11.272,8.827,11.509,14.495,13.321,8.612,9.648,11.545,17.438,2.37,9.53,5.714,12.396,10.255,11.647,11.408,16.225,11.516,10.015,6.275,7.732,5.643,5.883,11.967,2.623,5.139,7.585,15.946,3.777,3.506,12.499,16.21,14.721,7.344,7.977,8.978,13.468,14.432,17.784,8.536,4.355,5.38
15216,9.29,4.61,4.612,1.846,4.035,3.315,2.912,1.92,11.025,9.791,18.236,10.438,13.651,14.073,12.27,15.325,13.709,22.375,1.054,11.753,6.183,12.068,1.705,13.78,8.735,7.365,12.88,6.236,17.851,7.817,6.834,16.33,13.962,13.587,8.727,10.65,6.784,7.427,17.062,7.683,5.11,7.842,4.774,10.905,8.916,9.018,10.158
15217,10.993,6.077,9.461,5.41,4.929,9.513,4.699,8.854,9.55,14.026,13.515,5.428,8.174,12.59,6.557,8.514,10.578,16.282,6.74,7.384,11.05,16.842,8.013,13.672,8.712,9.027,5.924,6.745,16.483,2.526,0.153,9.5,17.568,7.573,6.584,7.733,13.759,9.874,10.7,3.087,8.747,8.458,10.487,17.066,3.967,2.059,3.21
15218,12.557,6.693,10.337,6.954,5.735,11.1,5.857,10.312,8.916,15.692,13.69,4.088,6.59,11.79,6.623,6.942,11.369,15.779,8.036,6.096,12.719,18.513,9.265,14.972,10.174,10.63,4.809,8.344,17.504,3.572,1.77,8.536,19.198,7.378,7.854,6.843,15.182,10.197,10.136,2.502,10.419,8.475,11.489,18.699,2.875,1.448,1.841
15219,8.08,5.957,8.227,2.592,4.687,6.315,3.575,6.067,11.325,10.684,14.015,8.44,11.418,14.502,7.84,11.84,9.919,17.946,4.658,10.246,7.652,13.47,5.911,11.526,6.266,6.008,8.853,3.851,14.99,3.422,3.299,12.088,14.363,9.159,5.052,10.024,10.932,9.852,12.65,5.677,5.367,9.182,8.86,13.722,6.852,5.144,6.494
15220,8.004,5.729,5.866,1.638,4.979,2.555,3.692,2.086,12.121,8.64,17.413,11.061,14.252,15.211,11.747,15.531,12.72,21.819,2.308,12.514,5.063,11.031,2.898,12.527,7.548,6.098,12.816,5.114,16.646,7.451,6.906,16.122,12.776,13.106,7.775,11.582,6.895,8.709,16.635,8.236,3.825,9.041,5.9,10.257,9.49,9.005,10.251
15221,13.219,8.251,11.919,8.372,7.319,12.47,7.428,11.795,9.847,16.675,12.733,4.452,6.233,12.526,5.739,5.577,11.001,14.37,9.583,6.397,13.875,19.54,10.826,15.158,10.669,11.404,3.235,9.137,17.314,3.932,3.098,6.978,19.999,6.254,8.128,7.603,16.688,11.656,8.729,3.808,11.504,9.825,13.076,19.983,3.733,1.252,0.257
15222,7.433,6.368,8.369,2.466,5.124,5.856,3.916,5.799,11.913,10.015,13.972,9.117,12.091,15.094,8.03,12.428,9.685,18.119,4.681,10.919,7.024,12.81,5.882,10.991,5.714,5.353,9.346,3.238,14.558,3.769,3.947,12.485,13.686,9.382,4.74,10.664,10.598,10.206,12.91,6.349,4.709,9.659,8.899,13.152,7.527,5.709,7.084
15223,7.04,10.408,12.854,6.973,9.119,9.586,8.162,10.074,14.915,11.265,9.456,10.607,12.878,17.985,4.289,11.382,5.384,13.987,9.204,12.613,9.444,14.168,10.399,8.504,4.278,5.676,7.566,3.906,11.08,2.955,5.45,9.637,13.938,5.694,1.529,13.134,14.596,14.354,9.223,8.49,7.048,13.399,13.423,15.807,9.29,5.486,6.76
15224,8.574,7.71,10.498,5.105,6.431,8.644,5.644,8.566,12.076,12.05,11.764,8.036,10.609,15.165,5.342,10.063,8.194,15.445,7.101,10.013,9.462,14.937,8.377,11.026,6.141,6.727,6.692,4.462,13.896,0.979,2.668,9.692,15.323,6.647,3.938,10.355,13.399,11.656,10.14,5.71,7.023,10.584,11.253,15.751,6.611,3.427,4.853
15225,2.591,12.513,12.411,7.731,11.589,5.62,10.212,7.569,18.801,2.672,15.867,16.665,19.638,21.945,12.821,19.472,10.482,21.671,9.16,18.426,2.678,5.584,9.47,7.237,4.791,2.926,15.908,4.994,11.736,10.293,11.433,18.238,6.159,14.187,7.276,17.939,9.43,15.525,17.594,13.867,3.127,15.876,12.006,7.762,15.069,12.839,14.267
15226,9.727,3.579,4.879,1.34,2.702,4.75,1.407,3.507,9.892,10.88,17.405,8.883,12.092,13.014,11.136,13.755,13.167,21.223,1.309,10.261,7.334,13.317,2.602,13.926,8.709,7.683,11.409,6.125,17.783,6.602,5.338,14.928,14.973,12.403,8.199,9.292,8.33,7.013,15.814,6.106,5.823,6.971,5.469,12.424,7.345,7.542,8.63
15227,12.071,1.851,5.308,3.93,0.705,7.672,1.528,6.231,7.205,13.725,17.562,6.094,9.303,10.38,10.745,11.539,14.019,20.533,3.619,7.349,10.227,16.226,4.621,15.835,10.556,9.975,9.838,8.039,19.322,6.336,4.11,13.55,17.751,11.816,9.323,6.381,10.761,5.772,14.938,3.492,8.517,4.844,6.478,15.309,4.647,6.151,6.865
15228,11.381,3.47,2.508,3.616,3.524,4.818,3.097,2.844,9.662,11.547,19.965,10.141,13.317,12.563,13.687,15.656,15.629,23.758,1.336,11.145,7.942,13.606,0.703,15.889,10.822,9.473,13.669,8.296,19.941,9.141,7.627,17.28,15.755,14.935,10.642,9.699,6.692,5.46,18.308,7.635,7.163,6.238,2.9,11.832,8.767,9.83,10.777
15229,2.461,11.729,12.918,7.033,10.547,7.406,9.236,8.751,17.423,6.844,11.821,14.148,16.82,20.602,8.653,15.885,6.511,17.444,9.16,16.076,5.894,9.703,9.991,5.563,0.585,1.548,12.13,2.299,9.545,6.881,8.701,14.136,9.359,9.99,3.127,16.081,12.247,15.379,13.348,11.576,4.08,15.095,12.992,11.922,12.638,9.565,10.959
15232,9.589,7.144,10.197,5.257,5.899,9.084,5.309,8.775,11.137,12.926,12.267,6.982,9.571,14.198,5.531,9.246,9.027,15.542,7.03,8.962,10.188,15.793,8.324,12.072,7.191,7.7,6.089,5.419,14.866,1.044,1.662,9.339,16.292,6.722,4.969,9.354,13.671,11.056,10.093,4.707,7.785,9.833,11.066,16.396,5.569,2.526,3.947
15233,5.483,7.787,8.824,2.967,6.69,4.263,5.323,4.99,13.812,7.651,14.528,11.44,14.449,16.988,9.43,14.7,9.678,19.308,5.055,13.196,4.73,10.445,5.933,9.641,4.505,3.403,11.446,2.021,13.624,5.724,6.31,14.342,11.385,10.837,4.809,12.778,9.284,11.311,14.404,8.636,2.351,11.189,8.978,10.997,9.842,7.971,9.374
15234,11.681,2.377,2.754,3.47,2.403,5.626,2.202,3.77,8.693,12.257,19.469,9.006,12.18,11.67,13.008,14.583,15.336,23.025,1.449,10.014,8.642,14.444,1.748,16.026,10.85,9.692,12.718,8.275,19.946,8.455,6.734,16.371,16.442,14.211,10.378,8.609,7.829,4.976,17.518,6.529,7.575,5.384,3.604,12.872,7.644,8.914,9.791
15235,14.515,11.002,14.678,10.867,10.077,14.851,10.14,14.354,11.95,18.414,11.194,6.254,6.772,14.317,4.852,3.87,10.658,11.9,12.252,7.894,15.918,21.319,13.513,15.631,11.789,12.921,0.519,10.765,17.091,5.514,5.672,4.255,21.407,4.722,9.049,9.581,19.266,14.32,6.334,6.447,13.48,12.392,15.828,22.179,6.084,3.48,2.51
15236,14.535,1.439,3.32,6.135,2.728,8.728,3.879,6.817,5.691,15.362,20.805,7.39,10.314,8.581,13.942,13.609,17.223,23.586,4.525,7.857,11.749,17.546,4.69,18.65,13.385,12.485,12.579,10.806,22.341,9.582,7.26,16.331,19.539,14.961,12.438,6.048,10.262,2.522,17.956,5.675,10.564,2.274,4.762,15.783,6.424,9.135,9.595
15237,2.325,13.77,14.929,9.079,12.579,9.136,11.277,10.636,19.391,7.049,11.073,15.884,18.42,22.563,9.24,17.06,5.695,17.095,11.188,17.845,7.119,9.682,11.982,3.515,1.806,3.111,13.197,4.334,7.595,8.386,10.455,14.747,8.62,10.455,4.18,17.973,13.778,17.426,13.556,13.409,5.777,17.128,14.952,12.604,14.418,11.059,12.401
15238,10.628,13.599,16.589,11.066,12.362,13.996,11.715,14.363,16.762,15.222,5.874,11.493,12.782,19.549,1.324,9.652,4.66,9.577,13.171,13.412,13.78,18.064,14.431,10.24,7.898,9.743,5.86,8.275,11.045,5.438,7.766,6.184,17.299,1.868,5.405,14.605,18.987,17.484,4.969,10.329,11.431,16.094,17.348,20.099,10.652,6.417,6.974
15239,18.377,15.536,19.277,15.592,14.701,19.524,14.852,19.088,15.311,22.61,11.236,9.764,8.694,17.082,7.493,3.722,12.85,9.245,16.985,10.801,20.385,25.52,18.241,18.55,15.585,17.029,4.368,15.024,18.987,10,10.411,2.262,25.243,6.444,12.826,12.916,24.002,18.576,5.062,10.83,17.928,16.481,20.477,26.716,10.168,8.218,7.17
15241,13.784,5.544,1.847,6.764,6.193,6.445,6.19,4.561,10.445,12.959,23.177,12.407,15.436,12.866,16.915,18.353,18.736,26.974,4.534,13.019,9.566,14.492,3.344,18.497,13.648,12.06,16.687,11.22,22.715,12.365,10.726,20.357,17.123,18.152,13.751,11.185,5.571,5.056,21.495,10.245,9.511,6.871,0.422,11.726,11.235,12.901,13.738
15243,10.81,5.026,3.229,4.029,5.01,3.687,4.357,1.665,11.158,10.419,20.414,11.643,14.833,14,14.435,17.004,15.821,24.54,2.157,12.691,6.875,12.305,0.965,15.49,10.634,9.049,14.816,8.232,19.696,9.95,8.742,18.35,14.632,15.739,10.856,11.254,5.18,6.626,19.191,9.068,6.532,7.676,2.857,10.317,10.232,10.951,11.995
